{
    "segments": [
        {
            "id": 1,
            "items": [
                {
                    "type": "island1",
                    "position": {
                        "x": 905.703,
                        "y": -51.159
                    },
                    "scale": {
                        "x": 1,
                        "y": 1
                    },
                    "rotation": -221.328,
                    "anchor": {
                        "x": 0.5352397355257796,
                        "y": 0.4565978596738029
                    },
                    "size": {
                        "width": 1730,
                        "height": 1112
                    }
                },
                {
                    "type": "island1",
                    "position": {
                        "x": 877.65,
                        "y": 1588.3145
                    },
                    "scale": {
                        "x": 1,
                        "y": 1
                    },
                    "rotation": -80.88999999999999,
                    "anchor": {
                        "x": 0.5311808280037477,
                        "y": 0.5074493589852368
                    },
                    "size": {
                        "width": 1730,
                        "height": 1112
                    }
                },
                {
                    "type": "island1",
                    "position": {
                        "x": -1042.896,
                        "y": 52.783
                    },
                    "scale": {
                        "x": 1,
                        "y": 1
                    },
                    "rotation": 104.32000000000002,
                    "anchor": {
                        "x": 0.5269464526501494,
                        "y": 0.5419618058556563
                    },
                    "size": {
                        "width": 1730,
                        "height": 1112
                    }
                },
                {
                    "type": "island2",
                    "position": {
                        "x": -569.403,
                        "y": 1459.6785
                    },
                    "scale": {
                        "x": 0.55,
                        "y": 0.55
                    },
                    "rotation": -92.057,
                    "anchor": {
                        "x": 0.42505749281216215,
                        "y": 0.4788038823506483
                    },
                    "size": {
                        "width": 1955,
                        "height": 1192
                    }
                },
                {
                    "type": "island2",
                    "position": {
                        "x": 113.147,
                        "y": -934.699
                    },
                    "scale": {
                        "x": 0.55,
                        "y": 0.55
                    },
                    "rotation": 180,
                    "anchor": {
                        "x": 0.4993584414998409,
                        "y": 0.49170585257768357
                    },
                    "size": {
                        "width": 1955,
                        "height": 1192
                    }
                }
            ]
        },
        {
            "id": 2,
            "items": [
                {
                    "type": "gem",
                    "position": {
                        "x": 21.985,
                        "y": -965.82
                    },
                    "scale": {
                        "x": 0.4,
                        "y": 0.4
                    },
                    "rotation": 0,
                    "anchor": {
                        "x": 0.5,
                        "y": 0.5
                    },
                    "size": {
                        "width": 114,
                        "height": 114
                    }
                },
                {
                    "type": "gem",
                    "position": {
                        "x": 26.326,
                        "y": -620.025
                    },
                    "scale": {
                        "x": 0.4,
                        "y": 0.4
                    },
                    "rotation": 0,
                    "anchor": {
                        "x": 0.5,
                        "y": 0.5
                    },
                    "size": {
                        "width": 114,
                        "height": 114
                    }
                },
                {
                    "type": "gem",
                    "position": {
                        "x": 22.023,
                        "y": -778.728
                    },
                    "scale": {
                        "x": 0.4,
                        "y": 0.4
                    },
                    "rotation": 0,
                    "anchor": {
                        "x": 0.5,
                        "y": 0.5
                    },
                    "size": {
                        "width": 114,
                        "height": 114
                    }
                },
                {
                    "type": "gem",
                    "position": {
                        "x": 22.181,
                        "y": -482.883
                    },
                    "scale": {
                        "x": 0.4,
                        "y": 0.4
                    },
                    "rotation": 0,
                    "anchor": {
                        "x": 0.5,
                        "y": 0.5
                    },
                    "size": {
                        "width": 114,
                        "height": 114
                    }
                },
                {
                    "type": "gem",
                    "position": {
                        "x": 22.034,
                        "y": -341.481
                    },
                    "scale": {
                        "x": 0.4,
                        "y": 0.4
                    },
                    "rotation": 0,
                    "anchor": {
                        "x": 0.5,
                        "y": 0.5
                    },
                    "size": {
                        "width": 114,
                        "height": 114
                    }
                },
                {
                    "type": "gem",
                    "position": {
                        "x": -144.504,
                        "y": 570.191
                    },
                    "scale": {
                        "x": 0.4,
                        "y": 0.4
                    },
                    "rotation": 0,
                    "anchor": {
                        "x": 0.5,
                        "y": 0.5
                    },
                    "size": {
                        "width": 114,
                        "height": 114
                    }
                },
                {
                    "type": "gem",
                    "position": {
                        "x": -162.73,
                        "y": 685.681
                    },
                    "scale": {
                        "x": 0.4,
                        "y": 0.4
                    },
                    "rotation": 0,
                    "anchor": {
                        "x": 0.5,
                        "y": 0.5
                    },
                    "size": {
                        "width": 114,
                        "height": 114
                    }
                },
                {
                    "type": "gem",
                    "position": {
                        "x": -162.73,
                        "y": 795.538
                    },
                    "scale": {
                        "x": 0.4,