{
    "segments": [
        {
            "id": 1,
            "items": [
                {
                    "type": "island1",
                    "position": {
                        "x": 905.703,
                        "y": -51.159
                    },
                    "scale": {
                        "x": 1,
                        "y": 1
                    },
                    "rotation": -221.328,
                    "anchor": {
                        "x": 0.5352397355257796,
                        "y": 0.4565978596738029
                    },
                    "size": {
                        "width": 1730,
                        "height": 1112
                    }
                },
                {
                    "type": "island1",
                    "position": {
                        "x": -1042.896,
                        "y": 52.783
                    },
                    "scale": {
                        "x": 1,
                        "y": 1
                    },
                    "rotation": 104.32000000000002,
                    "anchor": {
                        "x": 0.5269464526501494,
                        "y": 0.5419618058556563
                    },
                    "size": {
                        "width": 1730,
                        "height": 1112
                    }
                },
                {
                    "type": "island2",
                    "position": {
                        "x": 113.147,
                        "y": -934.699
                    },
                    "scale": {
                        "x": 0.55,
                        "y": 0.55
                    },
                    "rotation": 180,
                    "anchor": {
                        "x": 0.4993584414998409,
                        "y": 0.49170585257768357
                    },
                    "size": {
                        "width": 1955,
                        "height": 1192
                    }
                }
            ]
        },
        {
            "id": 2,
            "items": [
                {
                    "type": "gem",
                    "position": {
                        "x": 95.528,
                        "y": -965.82
                    },
                    "scale": {
                        "x": 0.4,
                        "y": 0.4
                    },
                    "rotation": 0,
                    "anchor": {
                        "x": 0.5,
                        "y": 0.5
                    },
                    "size": {
                        "width": 114,
                        "height": 114
                    }
                },
                {
                    "type": "gem",
                    "position": {
                        "x": 99.869,
                        "y": -620.025
                    },
                    "scale": {
                        "x": 0.4,
                        "y": 0.4
                    },
                    "rotation": 0,
                    "anchor": {
                        "x": 0.5,
                        "y": 0.5
                    },
                    "size": {
                        "width": 114,
                        "height": 114
                    }
                },
                {
                    "type": "gem",
                    "position": {
                        "x": 95.566,
                        "y": -778.728
                    },
                    "scale": {
                        "x": 0.4,
                        "y": 0.4
                    },
                    "rotation": 0,
                    "anchor": {
                        "x": 0.5,
                        "y": 0.5
                    },
                    "size": {
                        "width": 114,
                        "height": 114
                    }
                },
                {
                    "type": "gem",
                    "position": {
                        "x": 95.724,
                        "y": -482.883
                    },
                    "scale": {
                        "x": 0.4,
                        "y": 0.4
                    },
                    "rotation": 0,
                    "anchor": {
                        "x": 0.5,
                        "y": 0.5
                    },
                    "size": {
                        "width": 114,
                        "height": 114
                    }
                },
                {
                    "type": "gem",
                    "position": {
                        "x": 95.577,
                        "y": -341.481
                    },
                    "scale": {
                        "x": 0.4,
                        "y": 0.4
                    },
                    "rotation": 0,
                    "anchor": {
                        "x": 0.5,
                        "y": 0.5
                    },
                    "size": {
                        "width": 114,
                        "height": 114
                    }
                },
                {
                    "type": "gem",
                    "position": {
                        "x": 381.227,
                        "y": 756.103
                    },
                    "scale": {
                        "x": 0.4,
                        "y": 0.4
                    },
                    "rotation": 0,
                    "anchor": {
                        "x": 0.5,
                        "y": 0.5
                    },
                    "size": {
                        "width": 114,
                        "height": 114
                    }
                },
                {
                    "type": "gem",
                    "position": {
                        "x": 381.227,
                        "y": 587.144
                    },
                    "scale": {
                        "x": 0.4,
                        "y": 0.4
                    },
                    "rotation": 0,
                    "anchor": {
                        "x": 0.5,
                        "y": 0.5
                    },
                    "size": {
                        "width": 114,
                        "height": 114
                    }
                },
                {
                    "type": "fuelCan",
                    "position": {
                        "x": 80.986,
                        "y": -170.23
                    },
                    "scale": {
                        "x": 0.23,
                        "y": 0.23
                    },
                    "rotation": 0,
                    "anchor": {
                        "x": 0.5,
                        "y": 0.5
                    },
                    "size": {
                        "width": 246,
                        "height": 233
                    }
                },
                {
                    "type": "island1",
                    "position": {
                        "x": 877.65,
                        "y": -460.957
                    },
                    "scale": {
                        "x": 1,
                        "y": 1
                    },
                    "rotation": -80.88999999999999,
                    "anchor": {
                        "x": 0.5311808280037477,
                        "y": 0.5074493589852368
                    },
                    "size": {
                        "width": 1730,
                        "height": 1112
                    }
                },
                {
                    "type": "island2",
                    "position": {
                        "x": -514.003,
                        "y": -556.879
                    },
                    "scale": {
                        "x": 0.55,
                        "y": 0.55
                    },